Number (phenomenon),Phenomenon,Number (paradigm),Paradigm,Item,Grammaticality,Sentence,Critical word(s),Cue word(s)
1,Anaphor agreement,1,number,1,Grammatical,Ik bekijk de foto van mezelf in de kamer.,mezelf,Ik
1,Anaphor agreement,1,number,1,Ungrammatical,Wij bekijken de foto van mezelf in de kamer.,mezelf,Wij
1,Anaphor agreement,1,number,2,Grammatical,Ik zag het shot van mezelf op de televisie.,mezelf,Ik
1,Anaphor agreement,1,number,2,Ungrammatical,Wij zagen het shot van mezelf op de televisie.,mezelf,Wij
1,Anaphor agreement,1,number,3,Grammatical,Ik maakte een beeld van mezelf voor de tentoonstelling.,mezelf,Ik
1,Anaphor agreement,1,number,3,Ungrammatical,Wij maakten een beeld van mezelf voor de tentoonstelling.,mezelf,Wij
1,Anaphor agreement,1,number,4,Grammatical,Ik las een artikel over mezelf in dit tijdschrift.,mezelf,Ik
1,Anaphor agreement,1,number,4,Ungrammatical,Wij lazen een artikel over mezelf in dit tijdschrift.,mezelf,Wij
1,Anaphor agreement,1,number,5,Grammatical,Ik verstop die kant van mezelf in het openbaar.,mezelf,Ik
1,Anaphor agreement,1,number,5,Ungrammatical,Wij verstoppen die kant van mezelf in het openbaar.,mezelf,Wij
1,Anaphor agreement,1,number,6,Grammatical,Ik leer de aantekeningen van mezelf voor de toets.,mezelf,Ik
1,Anaphor agreement,1,number,6,Ungrammatical,Wij leren de aantekeningen van mezelf voor de toets.,mezelf,Wij
1,Anaphor agreement,1,number,7,Grammatical,Ik stuurde de afbeelding van mezelf voor de poster.,mezelf,Ik
1,Anaphor agreement,1,number,7,Ungrammatical,Wij stuurden de afbeelding van mezelf voor de poster.,mezelf,Wij
1,Anaphor agreement,1,number,8,Grammatical,Ik heb hoge verwachtingen van mezelf in deze talentenjacht.,mezelf,Ik
1,Anaphor agreement,1,number,8,Ungrammatical,Wij hebben hoge verwachtingen van mezelf in deze talentenjacht.,mezelf,Wij
1,Anaphor agreement,1,number,9,Grammatical,Ik schets een beeld van mezelf voor de commissie.,mezelf,Ik
1,Anaphor agreement,1,number,9,Ungrammatical,Wij schetsen een beeld van mezelf voor de commissie.,mezelf,Wij
1,Anaphor agreement,1,number,10,Grammatical,Ik verloor een stuk van mezelf in die relatie.,mezelf,Ik
1,Anaphor agreement,1,number,10,Ungrammatical,Wij verloren een stuk van mezelf in die relatie.,mezelf,Wij
1,Anaphor agreement,1,number,11,Grammatical,Ik hoorde het gerucht over mezelf in de gang.,mezelf,Ik
1,Anaphor agreement,1,number,11,Ungrammatical,Wij hoorden het gerucht over mezelf in de gang.,mezelf,Wij
1,Anaphor agreement,1,number,12,Grammatical,Ik ontdekte het geheim over mezelf in de brief.,mezelf,Ik
1,Anaphor agreement,1,number,12,Ungrammatical,Wij ontdekten het geheim over mezelf in de brief.,mezelf,Wij
1,Anaphor agreement,1,number,13,Grammatical,Ik verborg het feit over mezelf voor mijn vrienden.,mezelf,Ik
1,Anaphor agreement,1,number,13,Ungrammatical,Wij verborgen het feit over mezelf voor mijn vrienden.,mezelf,Wij
1,Anaphor agreement,1,number,14,Grammatical,Ik herkende de stem van mezelf op de opname.,mezelf,Ik
1,Anaphor agreement,1,number,14,Ungrammatical,Wij herkenden de stem van mezelf op de opname.,mezelf,Wij
1,Anaphor agreement,1,number,15,Grammatical,Ik bewonderde de schilderijen van mezelf in het museum.,mezelf,Ik
1,Anaphor agreement,1,number,15,Ungrammatical,Wij bewonderden de schilderijen van mezelf in het museum.,mezelf,Wij
1,Anaphor agreement,1,number,16,Grammatical,Ik onthulde het plan van mezelf aan de groep.,mezelf,Ik
1,Anaphor agreement,1,number,16,Ungrammatical,Wij onthulden het plan van mezelf aan de groep.,mezelf,Wij
1,Anaphor agreement,1,number,17,Grammatical,Ik las het artikel over mezelf in de krant.,mezelf,Ik
1,Anaphor agreement,1,number,17,Ungrammatical,Wij lazen het artikel over mezelf in de krant.,mezelf,Wij
1,Anaphor agreement,1,number,18,Grammatical,Ik deelde het nieuws over mezelf met mijn familie.,mezelf,Ik
1,Anaphor agreement,1,number,18,Ungrammatical,Wij deelden het nieuws over mezelf met onze familie.,mezelf,Wij
1,Anaphor agreement,1,number,19,Grammatical,Ik verstopte de waarheid over mezelf voor mijn ouders.,mezelf,Ik
1,Anaphor agreement,1,number,19,Ungrammatical,Wij verstopten de waarheid over mezelf voor onze ouders.,mezelf,Wij
1,Anaphor agreement,1,number,20,Grammatical,Ik herleefde de herinneringen aan mezelf in mijn gedachten.,mezelf,Ik
1,Anaphor agreement,1,number,20,Ungrammatical,Wij herleefden de herinneringen aan mezelf in onze gedachten.,mezelf,Wij
1,Anaphor agreement,1,number,21,Grammatical,Ik herstelde het vertrouwen in mezelf na het incident.,mezelf,Ik
1,Anaphor agreement,1,number,21,Ungrammatical,Wij herstelden het vertrouwen van mezelf na het incident.,mezelf,Wij
1,Anaphor agreement,1,number,22,Grammatical,Ik beschreef het gevoel van mezelf in mijn dagboek.,mezelf,Ik
1,Anaphor agreement,1,number,22,Ungrammatical,Wij beschreven het gevoel van mezelf in ons dagboek.,mezelf,Wij
1,Anaphor agreement,1,number,23,Grammatical,Ik negeerde de kritiek op mezelf van anderen.,mezelf,Ik
1,Anaphor agreement,1,number,23,Ungrammatical,Wij negeerden de kritiek op mezelf van anderen.,mezelf,Wij
1,Anaphor agreement,1,number,24,Grammatical,Ik bewonderde de prestaties van mezelf in de sport.,mezelf,Ik
1,Anaphor agreement,1,number,24,Ungrammatical,Wij bewonderden de prestaties van mezelf in de sport.,mezelf,Wij
1,Anaphor agreement,1,number,25,Grammatical,Ik betwijfel de keuze van mezelf in die situatie.,mezelf,Ik
1,Anaphor agreement,1,number,25,Ungrammatical,Wij betwijfelen de keuze van mezelf in die situatie.,mezelf,Wij
1,Anaphor agreement,1,number,26,Grammatical,Ik vergelijk de resultaten van mezelf met die van anderen.,mezelf,Ik
1,Anaphor agreement,1,number,26,Ungrammatical,Wij vergelijken de resultaten van mezelf met die van anderen.,mezelf,Wij
1,Anaphor agreement,1,number,27,Grammatical,Ik denk vaak aan de uitdagingen voor mezelf in het leven.,mezelf,Ik
1,Anaphor agreement,1,number,27,Ungrammatical,Wij denken vaak aan de uitdagingen voor mezelf in het leven.,mezelf,Wij
1,Anaphor agreement,1,number,28,Grammatical,Ik maak me zorgen over de gezondheid van mezelf op dit moment.,mezelf,Ik
1,Anaphor agreement,1,number,28,Ungrammatical,Wij maken ons zorgen over de gezondheid van mezelf op dit moment.,mezelf,Wij
1,Anaphor agreement,1,number,29,Grammatical,Ik werk aan de ontwikkeling van mezelf in verschillende aspecten.,mezelf,Ik
1,Anaphor agreement,1,number,29,Ungrammatical,Wij werken aan de ontwikkeling van mezelf in verschillende aspecten.,mezelf,Wij
1,Anaphor agreement,1,number,30,Grammatical,Ik denk na over de doelen van mezelf voor de komende jaren.,mezelf,Ik
1,Anaphor agreement,1,number,30,Ungrammatical,Wij denken na over de doelen van mezelf voor de komende jaren.,mezelf,Wij
1,Anaphor agreement,1,number,31,Grammatical,Ik praat met vrienden over de ervaringen van mezelf in het verleden.,mezelf,Ik
1,Anaphor agreement,1,number,31,Ungrammatical,Wij praten met vrienden over de ervaringen van mezelf in het verleden.,mezelf,Wij
1,Anaphor agreement,1,number,32,Grammatical,Ik kijk uit naar de successen van mezelf in de nabije toekomst.,mezelf,Ik
1,Anaphor agreement,1,number,32,Ungrammatical,Wij kijken uit naar de successen van mezelf in de nabije toekomst.,mezelf,Wij
1,Anaphor agreement,1,number,33,Grammatical,Ik leer van de fouten van mezelf in het verleden.,mezelf,Ik
1,Anaphor agreement,1,number,33,Ungrammatical,Wij leren van de fouten van mezelf in het verleden.,mezelf,Wij
1,Anaphor agreement,1,number,34,Grammatical,Ik presenteerde een idee van mezelf tijdens de vergadering.,mezelf,Ik
1,Anaphor agreement,1,number,34,Ungrammatical,Wij presenteerden een idee van mezelf tijdens de vergadering.,mezelf,Wij
1,Anaphor agreement,1,number,35,Grammatical,Ik heb een foto van mezelf op mijn bureau.,mezelf,Ik
1,Anaphor agreement,1,number,35,Ungrammatical,Wij hebben een foto van mezelf op mijn bureau.,mezelf,Wij
1,Anaphor agreement,1,number,36,Grammatical,Ik herinner me het moment van mezelf op het podium.,mezelf,Ik
1,Anaphor agreement,1,number,36,Ungrammatical,Wij herinneren ons het moment van mezelf op het podium.,mezelf,Wij
1,Anaphor agreement,1,number,37,Grammatical,Ik deelde een geheim van mezelf met mijn vrienden.,mezelf,Ik
1,Anaphor agreement,1,number,37,Ungrammatical,Wij deelden een geheim van mezelf met mijn vrienden.,mezelf,Wij
1,Anaphor agreement,1,number,38,Grammatical,Ik onthulde de waarheid over mezelf tijdens het interview.,mezelf,Ik
1,Anaphor agreement,1,number,38,Ungrammatical,Wij onthulden de waarheid over mezelf tijdens het interview.,mezelf,Wij
1,Anaphor agreement,1,number,39,Grammatical,Ik luister naar de muziek van mezelf om te ontspannen.,mezelf,Ik
1,Anaphor agreement,1,number,39,Ungrammatical,Wij luisteren naar de muziek van mezelf om te ontspannen.,mezelf,Wij
1,Anaphor agreement,1,number,40,Grammatical,Ik erken de fouten van mezelf en leer ervan.,mezelf,Ik
1,Anaphor agreement,1,number,40,Ungrammatical,Wij erkennen de fouten van mezelf en leren ervan.,mezelf,Wij
1,Anaphor agreement,1,number,41,Grammatical,Ik overwin de angsten van mezelf stap voor stap.,mezelf,Ik
1,Anaphor agreement,1,number,41,Ungrammatical,Wij overwinnen de angsten van mezelf stap voor stap.,mezelf,Wij
1,Anaphor agreement,1,number,42,Grammatical,Ik heb een doel gesteld voor mezelf om dit jaar te bereiken.,mezelf,Ik
1,Anaphor agreement,1,number,42,Ungrammatical,Wij hebben een doel gesteld voor mezelf om dit jaar te bereiken.,mezelf,Wij
1,Anaphor agreement,1,number,43,Grammatical,Ik schrijf een dagboek over mezelf om mijn gedachten en gevoelens te begrijpen.,mezelf,Ik
1,Anaphor agreement,1,number,43,Ungrammatical,Wij schrijven een dagboek over mezelf om onze gedachten en gevoelens te begrijpen.,mezelf,Wij
1,Anaphor agreement,1,number,44,Grammatical,Ik neem wat tijd voor mezelf om te ontspannen en tot rust te komen.,mezelf,Ik
1,Anaphor agreement,1,number,44,Ungrammatical,Wij nemen wat tijd voor mezelf om te ontspannen en tot rust te komen.,mezelf,Wij
1,Anaphor agreement,1,number,45,Grammatical,Ik besluit om gezonder te eten voor mezelf en mijn welzijn.,mezelf,Ik
1,Anaphor agreement,1,number,45,Ungrammatical,Wij besluiten om gezonder te eten voor mezelf en ons welzijn.,mezelf,Wij
1,Anaphor agreement,1,number,46,Grammatical,Ik plan een vakantie voor mezelf om nieuwe ervaringen op te doen.,mezelf,Ik
1,Anaphor agreement,1,number,46,Ungrammatical,Wij plannen een vakantie voor mezelf om nieuwe ervaringen op te doen.,mezelf,Wij
1,Anaphor agreement,1,number,47,Grammatical,Ik leer nieuwe vaardigheden voor mezelf om mijn carrière te verbeteren.,mezelf,Ik
1,Anaphor agreement,1,number,47,Ungrammatical,Wij leren nieuwe vaardigheden voor mezelf om onze carrière te verbeteren.,mezelf,Wij
1,Anaphor agreement,1,number,48,Grammatical,Ik maak een lijst van doelen voor mezelf om georganiseerd te blijven.,mezelf,Ik
1,Anaphor agreement,1,number,48,Ungrammatical,Wij maken een lijst van doelen voor mezelf om georganiseerd te blijven.,mezelf,Wij
1,Anaphor agreement,1,number,49,Grammatical,Ik vertel een verhaal over mezelf om anderen te inspireren.,mezelf,Ik
1,Anaphor agreement,1,number,49,Ungrammatical,Wij vertellen een verhaal over mezelf om anderen te inspireren.,mezelf,Wij
1,Anaphor agreement,1,number,50,Grammatical,Ik reflecteer over mezelf en mijn persoonlijke groei.,mezelf,Ik
1,Anaphor agreement,1,number,50,Ungrammatical,Wij reflecteren over mezelf en onze persoonlijke groei.,mezelf,Wij
1,Anaphor agreement,1,number,51,Grammatical,Ik koop af en toe een cadeautje voor mezelf als beloning.,mezelf,Ik
1,Anaphor agreement,1,number,51,Ungrammatical,Wij kopen af en toe een cadeautje voor mezelf als beloning.,mezelf,Wij
1,Anaphor agreement,1,number,52,Grammatical,Ik schrijf een lied over mezelf en mijn levenservaringen.,mezelf,Ik
1,Anaphor agreement,1,number,52,Ungrammatical,Wij schrijven een lied over mezelf en onze levenservaringen.,mezelf,Wij
1,Anaphor agreement,1,number,53,Grammatical,Ik reserveer wat tijd voor mezelf elke week.,mezelf,Ik
1,Anaphor agreement,1,number,53,Ungrammatical,Wij reserveren wat tijd voor mezelf elke week.,mezelf,Wij
1,Anaphor agreement,1,number,54,Grammatical,Ik neem de verantwoordelijkheid voor mezelf en mijn beslissingen.,mezelf,Ik
1,Anaphor agreement,1,number,54,Ungrammatical,Wij nemen de verantwoordelijkheid voor mezelf en onze beslissingen.,mezelf,Wij
1,Anaphor agreement,1,number,55,Grammatical,Ik organiseer een feestje voor mezelf om een mijlpaal te vieren.,mezelf,Ik
1,Anaphor agreement,1,number,55,Ungrammatical,Wij organiseren een feestje voor mezelf om een mijlpaal te vieren.,mezelf,Wij
1,Anaphor agreement,1,number,56,Grammatical,Ik stel grenzen voor mezelf om een gezonde balans te behouden.,mezelf,Ik
1,Anaphor agreement,1,number,56,Ungrammatical,Wij stellen grenzen voor mezelf om een gezonde balans te behouden.,mezelf,Wij
1,Anaphor agreement,1,number,57,Grammatical,Ik maak een vision board voor mezelf met doelen en dromen.,mezelf,Ik
1,Anaphor agreement,1,number,57,Ungrammatical,Wij maken een vision board voor mezelf met onze doelen en dromen.,mezelf,Wij
1,Anaphor agreement,1,number,58,Grammatical,Ik zorg goed voor mezelf door regelmatig te sporten en gezond te eten.,mezelf,Ik
1,Anaphor agreement,1,number,58,Ungrammatical,Wij zorgen goed voor mezelf door regelmatig te sporten en gezond te eten.,mezelf,Wij
1,Anaphor agreement,1,number,59,Grammatical,Ik reserveer een moment voor mezelf in de ochtend om te mediteren.,mezelf,Ik
1,Anaphor agreement,1,number,59,Ungrammatical,Wij reserveren een moment voor mezelf in de ochtend om te mediteren.,mezelf,Wij
1,Anaphor agreement,1,number,60,Grammatical,Ik koop een nieuw boek voor mezelf om te lezen in het weekend.,mezelf,Ik
1,Anaphor agreement,1,number,60,Ungrammatical,Wij kopen een nieuw boek voor mezelf om te lezen in het weekend.,mezelf,Wij
1,Anaphor agreement,1,number,61,Grammatical,Ik stel realistische doelen voor mezelf om te bereiken deze maand.,mezelf,Ik
1,Anaphor agreement,1,number,61,Ungrammatical,Wij stellen realistische doelen voor mezelf om te bereiken deze maand.,mezelf,Wij
1,Anaphor agreement,1,number,62,Grammatical,Ik kies bewust gezonde maaltijden voor mezelf elke dag.,mezelf,Ik
1,Anaphor agreement,1,number,62,Ungrammatical,Wij kiezen bewust gezonde maaltijden voor mezelf elke dag.,mezelf,Wij
1,Anaphor agreement,1,number,63,Grammatical,Ik schrijf een brief voor mezelf om mijn gedachten te ordenen.,mezelf,Ik
1,Anaphor agreement,1,number,63,Ungrammatical,Wij schrijven een brief voor mezelf om mijn gedachten te ordenen.,mezelf,Wij
1,Anaphor agreement,1,number,64,Grammatical,Ik organiseer de werkruimte voor mezelf om efficiënt te kunnen werken.,mezelf,Ik
1,Anaphor agreement,1,number,64,Ungrammatical,Wij organiseren onze werkruimte voor mezelf om efficiënt te kunnen werken.,mezelf,Wij
1,Anaphor agreement,1,number,65,Grammatical,""Ik leer een nieuwe vaardigheid voor mezelf, gewoon uit nieuwsgierigheid."",mezelf,Ik
1,Anaphor agreement,1,number,65,Ungrammatical,""Wij leren een nieuwe vaardigheid voor mezelf, gewoon uit nieuwsgierigheid."",mezelf,Wij
1,Anaphor agreement,1,number,66,Grammatical,Ik plan een dagje uit voor mezelf om te ontspannen en te genieten.,mezelf,Ik
1,Anaphor agreement,1,number,66,Ungrammatical,Wij plannen een dagje uit voor mezelf om te ontspannen en te genieten.,mezelf,Wij
1,Anaphor agreement,1,number,67,Grammatical,Ik koop een bloemetje voor mezelf om de dag op te fleuren.,mezelf,Ik
1,Anaphor agreement,1,number,67,Ungrammatical,Wij kopen een bloemetje voor mezelf om mijn dag op te fleuren.,mezelf,Wij
1,Anaphor agreement,1,number,68,Grammatical,Ik deel een anekdote over mezelf tijdens een presentatie.,mezelf,Ik
1,Anaphor agreement,1,number,68,Ungrammatical,Wij delen een anekdote over mezelf tijdens een presentatie.,mezelf,Wij
1,Anaphor agreement,1,number,69,Grammatical,Ik schrijf een gedicht over mezelf en mijn innerlijke wereld.,mezelf,Ik
1,Anaphor agreement,1,number,69,Ungrammatical,Wij schrijven een gedicht over mezelf en mijn innerlijke wereld.,mezelf,Wij
1,Anaphor agreement,1,number,70,Grammatical,Ik schrijf een artikel over mezelf en mijn kijk op de wereld.,mezelf,Ik
1,Anaphor agreement,1,number,70,Ungrammatical,Wij schrijven een artikel over mezelf en mijn kijk op de wereld.,mezelf,Wij
1,Anaphor agreement,1,number,71,Grammatical,Ik schrijf een autobiografie over mezelf en mijn levensreis.,mezelf,Ik
1,Anaphor agreement,1,number,71,Ungrammatical,Wij schrijven een autobiografie over mezelf en onze levensreis.,mezelf,Wij
1,Anaphor agreement,1,number,72,Grammatical,Ik geniet van de muziek van mezelf in de auto.,mezelf,Ik
1,Anaphor agreement,1,number,72,Ungrammatical,Wij genieten van de muziek van mezelf in de auto.,mezelf,Wij
1,Anaphor agreement,1,number,73,Grammatical,Ik ontdekte een nieuwe kant van mezelf tijdens de reis.,mezelf,Ik
1,Anaphor agreement,1,number,73,Ungrammatical,Wij ontdekten een nieuwe kant van mezelf tijdens de reis.,mezelf,Wij
1,Anaphor agreement,1,number,74,Grammatical,Ik koos de outfit van mezelf voor het feest.,mezelf,Ik
1,Anaphor agreement,1,number,74,Ungrammatical,Wij kozen de outfit van mezelf voor het feest.,mezelf,Wij
1,Anaphor agreement,1,number,75,Grammatical,Ik filmde een korte video over mezelf voor social media.,mezelf,Ik
1,Anaphor agreement,1,number,75,Ungrammatical,Wij filmden een korte video over mezelf voor social media.,mezelf,Wij
1,Anaphor agreement,1,number,76,Grammatical,Ik herinner me de woorden van mezelf in die brief.,mezelf,Ik
1,Anaphor agreement,1,number,76,Ungrammatical,Wij herinneren ons de woorden van mezelf in die brief.,mezelf,Wij
1,Anaphor agreement,1,number,77,Grammatical,Ik ontdekte de passie van mezelf op jonge leeftijd.,mezelf,Ik
1,Anaphor agreement,1,number,77,Ungrammatical,Wij ontdekten de passie van mezelf op jonge leeftijd.,mezelf,Wij
1,Anaphor agreement,1,number,78,Grammatical,Ik deelde het recept van mezelf met mijn vrienden.,mezelf,Ik
1,Anaphor agreement,1,number,78,Ungrammatical,Wij deelden het recept van mezelf met mijn vrienden.,mezelf,Wij
1,Anaphor agreement,1,number,79,Grammatical,Ik toonde de video van mezelf aan de familie.,mezelf,Ik
1,Anaphor agreement,1,number,79,Ungrammatical,Wij toonden de video van mezelf aan de familie.,mezelf,Wij
1,Anaphor agreement,1,number,80,Grammatical,Ik vond de notities van mezelf nuttig tijdens het examen.,mezelf,Ik
1,Anaphor agreement,1,number,80,Ungrammatical,Wij vonden de notities van mezelf nuttig tijdens het examen.,mezelf,Wij
1,Anaphor agreement,1,number,81,Grammatical,Ik bewerkte de video van mezelf voor publicatie.,mezelf,Ik
1,Anaphor agreement,1,number,81,Ungrammatical,Wij bewerkten de video van mezelf voor publicatie.,mezelf,Wij
1,Anaphor agreement,1,number,82,Grammatical,Ik herkende de stem van mezelf op de opname.,mezelf,Ik
1,Anaphor agreement,1,number,82,Ungrammatical,Wij herkenden de stem van mezelf op de opname.,mezelf,Wij
1,Anaphor agreement,1,number,83,Grammatical,Ik herstelde de relatie met mezelf na zelfvergeving.,mezelf,Ik
1,Anaphor agreement,1,number,83,Ungrammatical,Wij herstelden de relatie met mezelf na zelfvergeving.,mezelf,Wij
1,Anaphor agreement,1,number,84,Grammatical,Ik spreek over mezelf met mijn vrienden.,mezelf,Ik
1,Anaphor agreement,1,number,84,Ungrammatical,Wij spreken over mezelf met mijn vrienden.,mezelf,Wij
1,Anaphor agreement,1,number,85,Grammatical,Ik denk aan mezelf in de toekomst.,mezelf,Ik
1,Anaphor agreement,1,number,85,Ungrammatical,Wij denken aan mezelf in de toekomst.,mezelf,Wij
1,Anaphor agreement,1,number,86,Grammatical,Ik stel nieuwe doelen voor mezelf in dit project.,mezelf,Ik
1,Anaphor agreement,1,number,86,Ungrammatical,Wij stellen nieuwe doelen voor mezelf in dit project.,mezelf,Wij
1,Anaphor agreement,1,number,87,Grammatical,Ik ontwikkel een strategie voor mezelf om te slagen.,mezelf,Ik
1,Anaphor agreement,1,number,87,Ungrammatical,Wij ontwikkelen een strategie voor mezelf om te slagen.,mezelf,Wij
1,Anaphor agreement,1,number,88,Grammatical,Ik neem de leiding over mezelf tijdens de presentatie.,mezelf,Ik
1,Anaphor agreement,1,number,88,Ungrammatical,Wij nemen de leiding over mezelf tijdens de presentatie.,mezelf,Wij
1,Anaphor agreement,1,number,89,Grammatical,Ik geniet van een moment voor mezelf op het strand.,mezelf,Ik
1,Anaphor agreement,1,number,89,Ungrammatical,Wij genieten van een moment voor mezelf op het strand.,mezelf,Wij
1,Anaphor agreement,1,number,90,Grammatical,Ik presenteer een idee van mezelf aan het team.,mezelf,Ik
1,Anaphor agreement,1,number,90,Ungrammatical,Wij presenteren een idee van mezelf aan het team.,mezelf,Wij
1,Anaphor agreement,1,number,91,Grammatical,Ik zag de reflectie van mezelf in de spiegel.,mezelf,Ik
1,Anaphor agreement,1,number,91,Ungrammatical,Wij zagen de reflectie van mezelf in de spiegel.,mezelf,Wij
1,Anaphor agreement,1,number,92,Grammatical,Ik kocht een schaap voor mezelf op de boerderij,mezelf,Ik
1,Anaphor agreement,1,number,92,Ungrammatical,Wij kochten een schaap voor mezelf op de boerderij,mezelf,Wij
1,Anaphor agreement,1,number,93,Grammatical,Ik ontdekte de sporen van mezelf in het zand van het strand.,mezelf,Ik
1,Anaphor agreement,1,number,93,Ungrammatical,Wij ontdekten de sporen van mezelf in het zand van het strand.,mezelf,Wij
1,Anaphor agreement,1,number,94,Grammatical,Ik zag de weerspiegeling van mezelf in de heldere vijver.,mezelf,Ik
1,Anaphor agreement,1,number,94,Ungrammatical,Wij zagen de weerspiegeling van mezelf in de heldere vijver.,mezelf,Wij
1,Anaphor agreement,1,number,95,Grammatical,Ik zag de schaduw van mezelf op het zonnige pad.,mezelf,Ik
1,Anaphor agreement,1,number,95,Ungrammatical,Wij zagen de schaduw van mezelf op het zonnige pad.,mezelf,Wij
1,Anaphor agreement,1,number,96,Grammatical,Ik herinner me de ervaring van mezelf in dat land.,mezelf,Ik
1,Anaphor agreement,1,number,96,Ungrammatical,Wij herinneren ons de ervaring van mezelf in dat land.,mezelf,Wij
1,Anaphor agreement,1,number,97,Grammatical,Ik deelde een herinnering van mezelf tijdens de vergadering.,mezelf,Ik
1,Anaphor agreement,1,number,97,Ungrammatical,Wij deelden een herinnering van mezelf tijdens de vergadering.,mezelf,Wij
1,Anaphor agreement,1,number,98,Grammatical,Ik bewaarde een kopie van het boek voor mezelf in de bibliotheek.,mezelf,Ik
1,Anaphor agreement,1,number,98,Ungrammatical,Wij bewaarden een kopie van het boek voor mezelf in de bibliotheek.,mezelf,Wij
1,Anaphor agreement,1,number,99,Grammatical,Ik koos de beste foto van mezelf voor het album.,mezelf,Ik
1,Anaphor agreement,1,number,99,Ungrammatical,Wij kozen de beste foto van mezelf voor het album.,mezelf,Wij
1,Anaphor agreement,1,number,100,Grammatical,Ik schilderde een portret van mezelf voor de expositie.,mezelf,Ik
1,Anaphor agreement,1,number,100,Ungrammatical,Wij schilderden een portret van mezelf voor de expositie.,mezelf,Wij
1,Anaphor agreement,2,person,101,Grammatical,Jij bekijkt de foto van jezelf in de kamer.,jezelf,Jij
1,Anaphor agreement,2,person,101,Ungrammatical,Hij bekijkt de foto van jezelf in de kamer.,jezelf,Hij
1,Anaphor agreement,2,person,102,Grammatical,Hij zag het shot van zichzelf op de televisie.,zichzelf,Hij
1,Anaphor agreement,2,person,102,Ungrammatical,Jij zag het shot van zichzelf op de televisie.,zichzelf,Jij
1,Anaphor agreement,2,person,103,Grammatical,Jij maakte een beeld van jezelf voor de tentoonstelling.,jezelf,Jij
1,Anaphor agreement,2,person,103,Ungrammatical,Zij maakte een beeld van jezelf voor de tentoonstelling.,jezelf,Zij
1,Anaphor agreement,2,person,104,Grammatical,Zij las een artikel over zichzelf in dit tijdschrift.,zichzelf,Zij
1,Anaphor agreement,2,person,104,Ungrammatical,Ik las een artikel over zichzelf in dit tijdschrift.,zichzelf,Ik
1,Anaphor agreement,2,person,105,Grammatical,Jij verstopt die kant van jezelf in het openbaar.,jezelf,Jij
1,Anaphor agreement,2,person,105,Ungrammatical,Zij verstopt die kant van jezelf in het openbaar.,jezelf,Zij
1,Anaphor agreement,2,person,106,Grammatical,Hij leert de aantekeningen van zichzelf voor de toets.,zichzelf,Hij
1,Anaphor agreement,2,person,106,Ungrammatical,Ik leer de aantekeningen van zichzelf voor de toets.,zichzelf,Ik
1,Anaphor agreement,2,person,107,Grammatical,Jij stuurde de afbeelding van jezelf voor de poster.,jezelf,Jij
1,Anaphor agreement,2,person,107,Ungrammatical,Hij stuurde de afbeelding van jezelf voor de poster.,jezelf,Hij
1,Anaphor agreement,2,person,108,Grammatical,Zij heeft hoge verwachtingen van zichzelf in deze talentenjacht.,zichzelf,Zij
1,Anaphor agreement,2,person,108,Ungrammatical,Jij hebt hoge verwachtingen van zichzelf in deze talentenjacht.,zichzelf,Jij
1,Anaphor agreement,2,person,109,Grammatical,Jij schetst een beeld van jezelf voor de commissie.,jezelf,Jij
1,Anaphor agreement,2,person,109,Ungrammatical,Zij schetst een beeld van jezelf voor de commissie.,jezelf,Zij
1,Anaphor agreement,2,person,110,Grammatical,Hij verloor een stuk van zichzelf in die relatie.,zichzelf,Hij
1,Anaphor agreement,2,person,110,Ungrammatical,Jij verloor een stuk van zichzelf in die relatie.,zichzelf,Jij
1,Anaphor agreement,2,person,111,Grammatical,Jij herinnert je de ervaring van jezelf in dat land.,jezelf,Jij
1,Anaphor agreement,2,person,111,Ungrammatical,Hij herinnert zich de ervaring van jezelf in dat land.,jezelf,Hij
1,Anaphor agreement,2,person,112,Grammatical,Hij deelde een herinnering van zichzelf tijdens de vergadering.,zichzelf,Hij
1,Anaphor agreement,2,person,112,Ungrammatical,Jij deelde een herinnering van zichzelf tijdens de vergadering.,zichzelf,Jij
1,Anaphor agreement,2,person,113,Grammatical,Hij bewaarde een kopie van het boek voor zichzelf in de bibliotheek.,zichzelf,Hij
1,Anaphor agreement,2,person,113,Ungrammatical,Ik bewaarde een kopie van het boek voor zichzelf in de bibliotheek.,zichzelf,Ik
1,Anaphor agreement,2,person,114,Grammatical,Zij zag de reflectie van zichzelf in de spiegel.,zichzelf,Zij
1,Anaphor agreement,2,person,114,Ungrammatical,Jij zag de reflectie van zichzelf in de spiegel.,zichzelf,Jij
1,Anaphor agreement,2,person,115,Grammatical,Jij koos de beste foto van jezelf voor het album.,jezelf,Jij
1,Anaphor agreement,2,person,115,Ungrammatical,Ik koos de beste foto van jezelf voor het album.,jezelf,Ik
1,Anaphor agreement,2,person,116,Grammatical,Zij schilderde een portret van zichzelf voor de expositie.,zichzelf,Zij
1,Anaphor agreement,2,person,116,Ungrammatical,Jij schilderde een portret van zichzelf voor de expositie.,zichzelf,Jij
1,Anaphor agreement,2,person,117,Grammatical,Zij hoorde het gerucht over zichzelf in de gang.,zichzelf,Zij
1,Anaphor agreement,2,person,117,Ungrammatical,Jij hoorde het gerucht over zichzelf in de gang.,zichzelf,Jij
1,Anaphor agreement,2,person,118,Grammatical,Jij ontdekte het geheim over jezelf in de brief.,jezelf,Jij
1,Anaphor agreement,2,person,118,Ungrammatical,Ik ontdekten het geheim over jezelf in de brief.,jezelf,Ik
1,Anaphor agreement,2,person,119,Grammatical,Hij verborg het feit over zichzelf voor mijn vrienden.,zichzelf,Hij
1,Anaphor agreement,2,person,119,Ungrammatical,Ik verborg het feit over zichzelf voor mijn vrienden.,zichzelf,Ik
1,Anaphor agreement,2,person,120,Grammatical,Zij herkende de stem van zichzelf op de opname.,zichzelf,Zij
1,Anaphor agreement,2,person,120,Ungrammatical,Ik herkende de stem van zichzelf op de opname.,zichzelf,Ik
1,Anaphor agreement,2,person,121,Grammatical,Jij bewonderde de schilderijen van jezelf in het museum.,jezelf,Jij
1,Anaphor agreement,2,person,121,Ungrammatical,Zij bewonderde de schilderijen van jezelf in het museum.,jezelf,Zij
1,Anaphor agreement,2,person,122,Grammatical,Jij onthulde het plan van jezelf aan de groep.,jezelf,Jij
1,Anaphor agreement,2,person,122,Ungrammatical,Hij onthulde het plan van jezelf aan de groep.,jezelf,Hij
1,Anaphor agreement,2,person,123,Grammatical,Zij las het artikel over zichzelf in de krant.,zichzelf,Zij
1,Anaphor agreement,2,person,123,Ungrammatical,Ik las het artikel over zichzelf in de krant.,zichzelf,Ik
1,Anaphor agreement,2,person,124,Grammatical,Hij deelde het nieuws over zichzelf met mijn familie.,zichzelf,Hij
1,Anaphor agreement,2,person,124,Ungrammatical,Jij deelde het nieuws over zichzelf met mijn familie.,zichzelf,Jij
1,Anaphor agreement,2,person,125,Grammatical,Jij verstopte de waarheid over jezelf voor mijn ouders.,jezelf,Jij
1,Anaphor agreement,2,person,125,Ungrammatical,Ik verstopte de waarheid over jezelf voor onze ouders.,jezelf,Ik
1,Anaphor agreement,2,person,126,Grammatical,Zij herleefde de herinneringen aan zichzelf in mijn gedachten.,zichzelf,Zij
1,Anaphor agreement,2,person,126,Ungrammatical,Jij herleefde de herinneringen aan zichzelf in mijn gedachten.,zichzelf,Jij
1,Anaphor agreement,2,person,127,Grammatical,Jij herstelde het vertrouwen in jezelf na het incident.,jezelf,Jij
1,Anaphor agreement,2,person,127,Ungrammatical,Hij herstelde het vertrouwen van jezelf na het incident.,jezelf,Hij
1,Anaphor agreement,2,person,128,Grammatical,Hij beschreef het gevoel van zichzelf in mijn dagboek.,zichzelf,Hij
1,Anaphor agreement,2,person,128,Ungrammatical,Jij beschreef het gevoel van zichzelf in ons dagboek.,zichzelf,Jij
1,Anaphor agreement,2,person,129,Grammatical,Hij negeerde de kritiek op zichzelf van anderen.,zichzelf,Hij
1,Anaphor agreement,2,person,129,Ungrammatical,Ik negeerde de kritiek op zichzelf van anderen.,zichzelf,Ik
1,Anaphor agreement,2,person,130,Grammatical,Jij bewonderde de prestaties van jezelf in de sport.,jezelf,Jij
1,Anaphor agreement,2,person,130,Ungrammatical,Zij bewonderde de prestaties van jezelf in de sport.,jezelf,Zij
1,Anaphor agreement,2,person,131,Grammatical,Jij betwijfelt de keuze van jezelf in die situatie.,jezelf,Jij
1,Anaphor agreement,2,person,131,Ungrammatical,Hij betwijfelt de keuze van jezelf in die situatie.,jezelf,Hij
1,Anaphor agreement,2,person,132,Grammatical,Hij vergelijkt de resultaten van zichzelf met die van anderen.,zichzelf,Hij
1,Anaphor agreement,2,person,132,Ungrammatical,Jij vergelijkt de resultaten van zichzelf met die van anderen.,zichzelf,Jij
1,Anaphor agreement,2,person,133,Grammatical,Zij denkt vaak aan de uitdagingen voor zichzelf in het leven.,zichzelf,Zij
1,Anaphor agreement,2,person,133,Ungrammatical,Jij denkt vaak aan de uitdagingen voor zichzelf in het leven.,zichzelf,Jij
1,Anaphor agreement,2,person,134,Grammatical,Jij maakte je zorgen over de gezondheid van jezelf op dit moment.,jezelf,Jij
1,Anaphor agreement,2,person,134,Ungrammatical,Ik maakte me zorgen over de gezondheid van jezelf op dit moment.,jezelf,Ik
1,Anaphor agreement,2,person,135,Grammatical,Zij werkte aan de ontwikkeling van zichzelf in verschillende aspecten.,zichzelf,Zij
1,Anaphor agreement,2,person,135,Ungrammatical,Ik werkte aan de ontwikkeling van zichzelf in verschillende aspecten.,zichzelf,Ik
1,Anaphor agreement,2,person,136,Grammatical,Hij denkt na over de doelen van zichzelf voor de komende jaren.,zichzelf,Hij
1,Anaphor agreement,2,person,136,Ungrammatical,Jij denkt na over de doelen van zichzelf voor de komende jaren.,zichzelf,Jij
1,Anaphor agreement,2,person,137,Grammatical,Jij praat met vrienden over de ervaringen van jezelf in het verleden.,jezelf,Jij
1,Anaphor agreement,2,person,137,Ungrammatical,Hij praat met vrienden over de ervaringen van jezelf in het verleden.,jezelf,Hij
1,Anaphor agreement,2,person,138,Grammatical,Zij kijkt uit naar de successen van zichzelf in de nabije toekomst.,zichzelf,Zij
1,Anaphor agreement,2,person,138,Ungrammatical,Jij kijkt uit naar de successen van zichzelf in de nabije toekomst.,zichzelf,Jij
1,Anaphor agreement,2,person,139,Grammatical,Zij leerde van de fouten van zichzelf in het verleden.,zichzelf,Zij
1,Anaphor agreement,2,person,139,Ungrammatical,Ik leerde van de fouten van zichzelf in het verleden.,zichzelf,Ik
1,Anaphor agreement,2,person,140,Grammatical,Jij presenteerde een idee van jezelf tijdens de vergadering.,jezelf,Jij
1,Anaphor agreement,2,person,140,Ungrammatical,Hij presenteerde een idee van jezelf tijdens de vergadering.,jezelf,Hij
1,Anaphor agreement,2,person,141,Grammatical,Hij had een foto van zichzelf op zijn bureau.,zichzelf,Hij
1,Anaphor agreement,2,person,141,Ungrammatical,Ik had een foto van zichzelf op zijn bureau.,zichzelf,Ik
1,Anaphor agreement,2,person,142,Grammatical,Zij deelde een geheim van zichzelf met mijn vrienden.,zichzelf,Zij
1,Anaphor agreement,2,person,142,Ungrammatical,Jij deelde een geheim van zichzelf met mijn vrienden.,zichzelf,Jij
1,Anaphor agreement,2,person,143,Grammatical,Hij onthulde de waarheid over zichzelf tijdens het interview.,zichzelf,Hij
1,Anaphor agreement,2,person,143,Ungrammatical,Ik onthulde de waarheid over zichzelf tijdens het interview.,zichzelf,Ik
1,Anaphor agreement,2,person,144,Grammatical,Jij luisterde naar de muziek van jezelf om te ontspannen.,jezelf,Jij
1,Anaphor agreement,2,person,144,Ungrammatical,Hij luisterde naar de muziek van jezelf om te ontspannen.,jezelf,Hij
1,Anaphor agreement,2,person,145,Grammatical,Zij erkent de fouten van zichzelf en leert ervan.,zichzelf,Zij
1,Anaphor agreement,2,person,145,Ungrammatical,Jij erkent de fouten van zichzelf en leert ervan.,zichzelf,Jij
1,Anaphor agreement,2,person,146,Grammatical,Jij overwon de angsten van jezelf stap voor stap.,jezelf,Jij
1,Anaphor agreement,2,person,146,Ungrammatical,Ik overwon de angsten van jezelf stap voor stap.,jezelf,Ik
1,Anaphor agreement,2,person,147,Grammatical,Jij had een doel gesteld voor jezelf om dit jaar te bereiken.,jezelf,Jij
1,Anaphor agreement,2,person,147,Ungrammatical,Hij had een doel gesteld voor jezelf om dit jaar te bereiken.,jezelf,Hij
1,Anaphor agreement,2,person,148,Grammatical,Zij schreef een dagboek voor zichzelf om haar gedachten en gevoelens te begrijpen.,zichzelf,Zij
1,Anaphor agreement,2,person,148,Ungrammatical,Ik schreef een dagboek voor zichzelf om mijn gedachten en gevoelens te begrijpen.,zichzelf,Ik
1,Anaphor agreement,2,person,149,Grammatical,Hij neemt wat tijd voor zichzelf om te ontspannen en tot rust te komen.,zichzelf,Hij
1,Anaphor agreement,2,person,149,Ungrammatical,Jij neemt wat tijd voor zichzelf om te ontspannen en tot rust te komen.,zichzelf,Jij
1,Anaphor agreement,2,person,150,Grammatical,Jij besluit om gezonder te eten voor jezelf en je welzijn.,jezelf,Jij
1,Anaphor agreement,2,person,150,Ungrammatical,Zij besluit om gezonder te eten voor jezelf en haar welzijn.,jezelf,Zij
1,Anaphor agreement,2,person,151,Grammatical,Zij plande een vakantie voor zichzelf om nieuwe ervaringen op te doen.,zichzelf,Zij
1,Anaphor agreement,2,person,151,Ungrammatical,Ik plande een vakantie voor zichzelf om nieuwe ervaringen op te doen.,zichzelf,Ik
1,Anaphor agreement,2,person,152,Grammatical,Hij leerde nieuwe vaardigheden voor zichzelf om te verbeteren.,zichzelf,Hij
1,Anaphor agreement,2,person,152,Ungrammatical,Jij leerde nieuwe vaardigheden voor zichzelf om te verbeteren.,zichzelf,Jij
1,Anaphor agreement,2,person,153,Grammatical,Jij maakt een lijst van doelen voor jezelf om georganiseerd te blijven.,jezelf,Jij
1,Anaphor agreement,2,person,153,Ungrammatical,Zij maakt een lijst van doelen voor jezelf om georganiseerd te blijven.,jezelf,Zij
1,Anaphor agreement,2,person,154,Grammatical,Hij vertelde een verhaal over zichzelf om anderen te inspireren.,zichzelf,Hij
1,Anaphor agreement,2,person,154,Ungrammatical,Ik vertelde een verhaal over zichzelf om anderen te inspireren.,zichzelf,Ik
1,Anaphor agreement,2,person,155,Grammatical,Jij reflecteerde over jezelf en je persoonlijke groei.,jezelf,Jij
1,Anaphor agreement,2,person,155,Ungrammatical,Zij reflecteerde over jezelf en haar persoonlijke groei.,jezelf,Zij
1,Anaphor agreement,2,person,156,Grammatical,Zij kocht af en toe een cadeautje voor zichzelf als beloning.,zichzelf,Zij
1,Anaphor agreement,2,person,156,Ungrammatical,Jij kocht af en toe een cadeautje voor zichzelf als beloning.,zichzelf,Jij
1,Anaphor agreement,2,person,157,Grammatical,Jij schrijft een lied over jezelf en je levenservaringen.,jezelf,Jij
1,Anaphor agreement,2,person,157,Ungrammatical,Hij schrijft een lied over jezelf en zijn levenservaringen.,jezelf,Hij
1,Anaphor agreement,2,person,158,Grammatical,Hij reserveerde wat tijd voor zichzelf elke week.,zichzelf,Hij
1,Anaphor agreement,2,person,158,Ungrammatical,Ik reserveerde wat tijd voor zichzelf elke week.,zichzelf,Ik
1,Anaphor agreement,2,person,159,Grammatical,Jij neemt de verantwoordelijkheid voor jezelf en je beslissingen.,jezelf,Jij
1,Anaphor agreement,2,person,159,Ungrammatical,Zij nemen de verantwoordelijkheid voor jezelf en haar beslissingen.,jezelf,Zij
1,Anaphor agreement,2,person,160,Grammatical,Zij organiseerde een feestje voor zichzelf om een mijlpaal te vieren.,zichzelf,Zij
1,Anaphor agreement,2,person,160,Ungrammatical,Jij organiseerde een feestje voor zichzelf om een mijlpaal te vieren.,zichzelf,Jij
1,Anaphor agreement,2,person,161,Grammatical,Jij stelde grenzen voor jezelf om een gezonde balans te behouden.,jezelf,Jij
1,Anaphor agreement,2,person,161,Ungrammatical,Ik stelde grenzen voor jezelf om een gezonde balans te behouden.,jezelf,Ik
1,Anaphor agreement,2,person,162,Grammatical,Hij maakte een vision board voor zichzelf met doelen en dromen.,zichzelf,Hij
1,Anaphor agreement,2,person,162,Ungrammatical,Ik maakte een vision board voor zichzelf met doelen en dromen.,zichzelf,Ik
1,Anaphor agreement,2,person,163,Grammatical,Jij zorgde goed voor jezelf door regelmatig te sporten en gezond te eten.,jezelf,Jij
1,Anaphor agreement,2,person,163,Ungrammatical,Hij zorgde goed voor jezelf door regelmatig te sporten en gezond te eten.,jezelf,Hij
1,Anaphor agreement,2,person,164,Grammatical,Zij reserveerde een moment voor zichzelf in de ochtend om te mediteren.,zichzelf,Zij
1,Anaphor agreement,2,person,164,Ungrammatical,Jij reserveerde een moment voor zichzelf in de ochtend om te mediteren.,zichzelf,Jij
1,Anaphor agreement,2,person,165,Grammatical,Jij koopt een nieuw boek voor jezelf om te lezen in het weekend.,jezelf,Jij
1,Anaphor agreement,2,person,165,Ungrammatical,Zij koopt een nieuw boek voor jezelf om te lezen in het weekend.,jezelf,Zij
1,Anaphor agreement,2,person,166,Grammatical,Hij stelde realistische doelen voor zichzelf om te bereiken deze maand.,zichzelf,Hij
1,Anaphor agreement,2,person,166,Ungrammatical,Ik stelde realistische doelen voor zichzelf om te bereiken deze maand.,zichzelf,Ik
1,Anaphor agreement,2,person,167,Grammatical,Jij kiest bewust gezonde maaltijden voor jezelf elke dag.,jezelf,Jij
1,Anaphor agreement,2,person,167,Ungrammatical,Hij kiest bewust gezonde maaltijden voor jezelf elke dag.,jezelf,Hij
1,Anaphor agreement,2,person,168,Grammatical,Zij schreef een brief voor zichzelf om dingen op een rijtje te krijgen.,zichzelf,Zij
1,Anaphor agreement,2,person,168,Ungrammatical,ik schreef een brief voor zichzelf om dingen op een rijtje te krijgen.,zichzelf,ik
1,Anaphor agreement,2,person,169,Grammatical,Jij organiseert de werkruimte voor jezelf om efficiënt te kunnen werken.,jezelf,Jij
1,Anaphor agreement,2,person,169,Ungrammatical,Zij organiseert de werkruimte voor jezelf om efficiënt te kunnen werken.,jezelf,Zij
1,Anaphor agreement,2,person,170,Grammatical,""Hij leert een nieuwe vaardigheid voor zichzelf, gewoon uit nieuwsgierigheid."",zichzelf,Hij
1,Anaphor agreement,2,person,170,Ungrammatical,""Jij leert een nieuwe vaardigheid voor zichzelf, gewoon uit nieuwsgierigheid."",zichzelf,Jij
1,Anaphor agreement,2,person,171,Grammatical,Jij plande een dagje uit voor jezelf om te ontspannen en te genieten.,jezelf,Jij
1,Anaphor agreement,2,person,171,Ungrammatical,Ik plande een dagje uit voor jezelf om te ontspannen en te genieten.,jezelf,Ik
1,Anaphor agreement,2,person,172,Grammatical,Zij kocht een bloemetje voor zichzelf om de dag op te fleuren.,zichzelf,Zij
1,Anaphor agreement,2,person,172,Ungrammatical,Ik kocht een bloemetje voor zichzelf om de dag op te fleuren.,zichzelf,Ik
1,Anaphor agreement,2,person,173,Grammatical,Jij deelt een anekdote over jezelf tijdens een presentatie.,jezelf,Jij
1,Anaphor agreement,2,person,173,Ungrammatical,Hij deelt een anekdote over jezelf tijdens een presentatie.,jezelf,Hij
1,Anaphor agreement,2,person,174,Grammatical,Hij schrijft een gedicht over zichzelf en zijn innerlijke wereld.,zichzelf,Hij
1,Anaphor agreement,2,person,174,Ungrammatical,Jij schrijft een gedicht over zichzelf en mijn innerlijke wereld.,zichzelf,Jij
1,Anaphor agreement,2,person,175,Grammatical,Jij schrijft een artikel over jezelf en je dromen.,jezelf,Jij
1,Anaphor agreement,2,person,175,Ungrammatical,Zij schrijft een artikel over jezelf en haar dromen.,jezelf,Zij
1,Anaphor agreement,2,person,176,Grammatical,Zij schreef een autobiografie over zichzelf en haar levensreis.,zichzelf,Zij
1,Anaphor agreement,2,person,176,Ungrammatical,Ik schreef een autobiografie over zichzelf en mijn levensreis.,zichzelf,Ik
1,Anaphor agreement,2,person,177,Grammatical,Jij genoot van de muziek van jezelf in de auto.,jezelf,Jij
1,Anaphor agreement,2,person,177,Ungrammatical,Ik genoot van de muziek van jezelf in de auto.,jezelf,Ik
1,Anaphor agreement,2,person,178,Grammatical,Hij ontdekte een nieuwe kant van zichzelf tijdens de reis.,zichzelf,Hij
1,Anaphor agreement,2,person,178,Ungrammatical,Jij ontdekte een nieuwe kant van zichzelf tijdens de reis.,zichzelf,Jij
1,Anaphor agreement,2,person,179,Grammatical,Jij koos de outfit van jezelf voor het feest.,jezelf,Jij
1,Anaphor agreement,2,person,179,Ungrammatical,Hij koos de outfit van jezelf voor het feest.,jezelf,Hij
1,Anaphor agreement,2,person,180,Grammatical,Zij filmde een korte video over zichzelf voor social media.,zichzelf,Zij
1,Anaphor agreement,2,person,180,Ungrammatical,Jij filmde een korte video over zichzelf voor social media.,zichzelf,Jij
1,Anaphor agreement,2,person,181,Grammatical,Jij herinnert je de woorden van jezelf in die brief.,jezelf,Jij
1,Anaphor agreement,2,person,181,Ungrammatical,Zij herinnert de woorden van jezelf in die brief.,jezelf,Zij
1,Anaphor agreement,2,person,182,Grammatical,Hij ontdekte de passie van zichzelf op jonge leeftijd.,zichzelf,Hij
1,Anaphor agreement,2,person,182,Ungrammatical,Ik ontdekte de passie van zichzelf op jonge leeftijd.,zichzelf,Ik
1,Anaphor agreement,2,person,183,Grammatical,Jij deelde het recept van jezelf met mijn vrienden.,jezelf,Jij
1,Anaphor agreement,2,person,183,Ungrammatical,Ik deelde het recept van jezelf met mijn vrienden.,jezelf,Ik
1,Anaphor agreement,2,person,184,Grammatical,Hij toonde de video van zichzelf aan de familie.,zichzelf,Hij
1,Anaphor agreement,2,person,184,Ungrammatical,Ik toonde de video van zichzelf aan de familie.,zichzelf,Ik
1,Anaphor agreement,2,person,185,Grammatical,Jij vond de notities van jezelf nuttig tijdens het examen.,jezelf,Jij
1,Anaphor agreement,2,person,185,Ungrammatical,Zij vond de notities van jezelf nuttig tijdens het examen.,jezelf,Zij
1,Anaphor agreement,2,person,186,Grammatical,Zij bewerkte de video van zichzelf voor publicatie.,zichzelf,Zij
1,Anaphor agreement,2,person,186,Ungrammatical,Jij bewerkte de video van zichzelf voor publicatie.,zichzelf,Jij
1,Anaphor agreement,2,person,187,Grammatical,Jij herkende de stem van jezelf op de opname.,jezelf,Jij
1,Anaphor agreement,2,person,187,Ungrammatical,Hij herkende de stem van jezelf op de opname.,jezelf,Hij
1,Anaphor agreement,2,person,188,Grammatical,Hij herstelde de relatie met zichzelf na zelfvergeving.,zichzelf,Hij
1,Anaphor agreement,2,person,188,Ungrammatical,Jij herstelde de relatie met zichzelf na zelfvergeving.,zichzelf,Jij
1,Anaphor agreement,2,person,189,Grammatical,Jij sprak over jezelf met mijn vrienden.,jezelf,Jij
1,Anaphor agreement,2,person,189,Ungrammatical,Ik sprak over jezelf met mijn vrienden.,jezelf,Ik
1,Anaphor agreement,2,person,190,Grammatical,Zij denkt aan zichzelf in de toekomst.,zichzelf,Zij
1,Anaphor agreement,2,person,190,Ungrammatical,Jij denkt aan zichzelf in de toekomst.,zichzelf,Jij
1,Anaphor agreement,2,person,191,Grammatical,Jij stelde nieuwe doelen voor jezelf in dit project.,jezelf,Jij
1,Anaphor agreement,2,person,191,Ungrammatical,Ik stelde nieuwe doelen voor jezelf in dit project.,jezelf,Ik
1,Anaphor agreement,2,person,192,Grammatical,Hij ontwikkelde een strategie voor zichzelf om te slagen.,zichzelf,Hij
1,Anaphor agreement,2,person,192,Ungrammatical,Ik ontwikkelde een strategie voor zichzelf om te slagen.,zichzelf,Ik
1,Anaphor agreement,2,person,193,Grammatical,Jij neemt de leiding over jezelf tijdens de presentatie.,jezelf,Jij
1,Anaphor agreement,2,person,193,Ungrammatical,Zij neemt de leiding over jezelf tijdens de presentatie.,jezelf,Zij
1,Anaphor agreement,2,person,194,Grammatical,Zij geniet van een moment voor zichzelf op het strand.,zichzelf,Zij
1,Anaphor agreement,2,person,194,Ungrammatical,Jij geniet van een moment voor zichzelf op het strand.,zichzelf,Jij
1,Anaphor agreement,2,person,195,Grammatical,Jij presenteert een idee van jezelf aan het team.,jezelf,Jij
1,Anaphor agreement,2,person,195,Ungrammatical,Hij presenteert een idee van jezelf aan het team.,jezelf,Hij
1,Anaphor agreement,2,person,196,Grammatical,Hij denkt aan het cadeau voor zichzelf van de kerk.,zichzelf,Hij
1,Anaphor agreement,2,person,196,Ungrammatical,Jij denkt aan het cadeau voor zichzelf van de kerk.,zichzelf,Jij
1,Anaphor agreement,2,person,197,Grammatical,Jij kocht een schaap voor jezelf op de boerderij,jezelf,Jij
1,Anaphor agreement,2,person,197,Ungrammatical,Zij kocht een schaap voor jezelf op de boerderij,jezelf,Zij
1,Anaphor agreement,2,person,198,Grammatical,Zij ontdekte de sporen van zichzelf in het zand van het strand.,zichzelf,Zij
1,Anaphor agreement,2,person,198,Ungrammatical,Jij ontdekte de sporen van zichzelf in het zand van het strand.,zichzelf,Jij
1,Anaphor agreement,2,person,199,Grammatical,Jij zag de weerspiegeling van jezelf in de heldere vijver.,jezelf,Jij
1,Anaphor agreement,2,person,199,Ungrammatical,Ik zag de weerspiegeling van jezelf in de heldere vijver.,jezelf,Ik
1,Anaphor agreement,2,person,200,Grammatical,Hij zag de schaduw van zichzelf op het zonnige pad.,zichzelf,Hij
1,Anaphor agreement,2,person,200,Ungrammatical,Ik zag de schaduw van zichzelf op het zonnige pad.,zichzelf,Ik